timestamp,parameter,value
2025-05-31 22:55:05,MIN_BUY_SCORE,0.25
2025-05-31 23:05:53,MIN_BUY_SCORE,0.25
2025-05-31 23:13:41,MIN_BUY_SCORE,0.25
2025-05-31 23:43:44,MIN_BUY_SCORE,0.25
2025-06-01 00:02:13,MIN_BUY_SCORE,0.25
2025-06-01 00:02:36,MIN_BUY_SCORE,0.25
2025-06-01 00:08:13,MIN_BUY_SCORE,0.25
2025-06-01 00:13:47,MIN_BUY_SCORE,0.25
2025-06-01 00:43:50,MIN_BUY_SCORE,0.25
2025-06-01 01:13:53,MIN_BUY_SCORE,0.25
2025-06-01 01:43:56,MIN_BUY_SCORE,0.25
2025-06-01 02:02:07,MIN_BUY_SCORE,0.25
2025-06-01 10:07:01,MIN_BUY_SCORE,0.25
2025-06-01 10:22:04,MIN_BUY_SCORE,0.25
2025-06-01 10:37:07,MIN_BUY_SCORE,0.25
2025-06-01 10:52:10,MIN_BUY_SCORE,0.25
2025-06-01 11:07:12,MIN_BUY_SCORE,0.25
2025-06-01 11:22:16,MIN_BUY_SCORE,0.25
2025-06-01 11:37:19,MIN_BUY_SCORE,0.25
2025-06-01 11:52:24,MIN_BUY_SCORE,0.25
2025-06-01 12:07:27,MIN_BUY_SCORE,0.25
2025-06-01 12:22:30,MIN_BUY_SCORE,0.25
2025-06-01 12:37:33,MIN_BUY_SCORE,0.25
2025-06-01 12:52:36,MIN_BUY_SCORE,0.25
2025-06-01 13:07:39,MIN_BUY_SCORE,0.25
2025-06-01 13:22:42,MIN_BUY_SCORE,0.25
2025-06-01 13:37:45,MIN_BUY_SCORE,0.25
2025-06-01 13:52:49,MIN_BUY_SCORE,0.25
2025-06-01 14:07:52,MIN_BUY_SCORE,0.25
2025-06-01 14:22:55,MIN_BUY_SCORE,0.25
2025-06-01 14:37:58,MIN_BUY_SCORE,0.25
2025-06-01 14:52:56,MIN_BUY_SCORE,0.25
2025-06-01 15:08:00,MIN_BUY_SCORE,0.25
2025-06-01 15:23:03,MIN_BUY_SCORE,0.25
2025-06-01 15:38:07,MIN_BUY_SCORE,0.25
2025-06-01 15:53:11,MIN_BUY_SCORE,0.25
2025-06-01 16:08:15,MIN_BUY_SCORE,0.25
2025-06-01 16:23:18,MIN_BUY_SCORE,0.25
2025-06-01 16:38:22,MIN_BUY_SCORE,0.25
2025-06-01 16:53:26,MIN_BUY_SCORE,0.25
2025-06-01 17:08:29,MIN_BUY_SCORE,0.25
2025-06-01 17:23:32,MIN_BUY_SCORE,0.25
2025-06-01 17:38:36,MIN_BUY_SCORE,0.25
2025-06-01 17:53:39,MIN_BUY_SCORE,0.25
2025-06-01 18:08:42,MIN_BUY_SCORE,0.25
2025-06-01 18:23:46,MIN_BUY_SCORE,0.25
2025-06-01 18:38:50,MIN_BUY_SCORE,0.25
2025-06-01 18:53:53,MIN_BUY_SCORE,0.25
2025-06-01 19:08:57,MIN_BUY_SCORE,0.25
2025-06-01 19:24:01,MIN_BUY_SCORE,0.25
2025-06-01 19:39:04,MIN_BUY_SCORE,0.25
2025-06-01 19:54:07,MIN_BUY_SCORE,0.25
2025-06-01 20:09:11,MIN_BUY_SCORE,0.25
2025-06-01 20:24:14,MIN_BUY_SCORE,0.25
2025-06-01 20:39:18,MIN_BUY_SCORE,0.25
2025-06-01 20:54:22,MIN_BUY_SCORE,0.25
2025-06-01 21:09:25,MIN_BUY_SCORE,0.25
2025-06-01 21:24:28,MIN_BUY_SCORE,0.25
2025-06-01 21:39:32,MIN_BUY_SCORE,0.25
2025-06-01 21:54:35,MIN_BUY_SCORE,0.25
2025-06-01 22:09:39,MIN_BUY_SCORE,0.25
2025-06-01 22:39:43,MIN_BUY_SCORE,0.25
2025-06-01 23:09:46,MIN_BUY_SCORE,0.25
2025-06-01 23:39:49,MIN_BUY_SCORE,0.25
2025-06-02 00:09:52,MIN_BUY_SCORE,0.25
2025-06-02 00:39:55,MIN_BUY_SCORE,0.25
2025-06-02 01:09:58,MIN_BUY_SCORE,0.25
2025-06-02 01:40:01,MIN_BUY_SCORE,0.25
2025-06-02 02:10:04,MIN_BUY_SCORE,0.25
2025-06-02 03:10:07,MIN_BUY_SCORE,0.25
2025-06-02 04:10:10,MIN_BUY_SCORE,0.25
2025-06-02 05:10:12,MIN_BUY_SCORE,0.25
2025-06-02 06:10:16,MIN_BUY_SCORE,0.25
2025-06-02 07:10:19,MIN_BUY_SCORE,0.25
2025-06-02 08:10:22,MIN_BUY_SCORE,0.25
2025-06-02 08:25:25,MIN_BUY_SCORE,0.25
2025-06-02 08:40:28,MIN_BUY_SCORE,0.25
2025-06-02 08:55:31,MIN_BUY_SCORE,0.25
2025-06-02 09:10:34,MIN_BUY_SCORE,0.25
2025-06-02 09:25:37,MIN_BUY_SCORE,0.25
2025-06-02 09:40:40,MIN_BUY_SCORE,0.25
2025-06-02 09:55:43,MIN_BUY_SCORE,0.25
2025-06-02 10:10:47,MIN_BUY_SCORE,0.25
2025-06-02 10:25:50,MIN_BUY_SCORE,0.25
2025-06-02 10:40:53,MIN_BUY_SCORE,0.25
2025-06-02 10:55:56,MIN_BUY_SCORE,0.25
2025-06-02 11:10:59,MIN_BUY_SCORE,0.25
2025-06-02 11:26:02,MIN_BUY_SCORE,0.25
2025-06-02 11:41:06,MIN_BUY_SCORE,0.25
2025-06-02 11:56:09,MIN_BUY_SCORE,0.25
2025-06-02 12:11:13,MIN_BUY_SCORE,0.25
2025-06-02 12:26:16,MIN_BUY_SCORE,0.25
2025-06-02 12:41:19,MIN_BUY_SCORE,0.25
2025-06-02 12:56:17,MIN_BUY_SCORE,0.25
2025-06-02 13:11:21,MIN_BUY_SCORE,0.25
2025-06-02 13:26:24,MIN_BUY_SCORE,0.25
2025-06-02 13:41:27,MIN_BUY_SCORE,0.25
2025-06-02 13:56:30,MIN_BUY_SCORE,0.25
2025-06-02 14:11:34,MIN_BUY_SCORE,0.25
2025-06-02 14:26:37,MIN_BUY_SCORE,0.25
2025-06-02 14:41:41,MIN_BUY_SCORE,0.25
2025-06-02 14:56:45,MIN_BUY_SCORE,0.25
2025-06-02 15:11:48,MIN_BUY_SCORE,0.25
2025-06-02 15:26:51,MIN_BUY_SCORE,0.25
2025-06-02 15:41:55,MIN_BUY_SCORE,0.25
2025-06-02 15:56:59,MIN_BUY_SCORE,0.25
2025-06-02 16:12:02,MIN_BUY_SCORE,0.25
2025-06-02 16:27:06,MIN_BUY_SCORE,0.25
2025-06-02 16:42:10,MIN_BUY_SCORE,0.25
2025-06-02 16:57:14,MIN_BUY_SCORE,0.25
2025-06-02 17:12:17,MIN_BUY_SCORE,0.25
2025-06-02 17:27:21,MIN_BUY_SCORE,0.25
2025-06-02 17:42:24,MIN_BUY_SCORE,0.25
2025-06-02 17:57:28,MIN_BUY_SCORE,0.25
2025-06-02 18:12:31,MIN_BUY_SCORE,0.25
2025-06-02 18:27:35,MIN_BUY_SCORE,0.25
2025-06-02 18:42:38,MIN_BUY_SCORE,0.25
2025-06-02 18:57:42,MIN_BUY_SCORE,0.25
2025-06-02 19:12:45,MIN_BUY_SCORE,0.25
2025-06-02 19:27:49,MIN_BUY_SCORE,0.25
2025-06-02 19:42:53,MIN_BUY_SCORE,0.25
2025-06-02 19:57:56,MIN_BUY_SCORE,0.25
2025-06-02 20:13:00,MIN_BUY_SCORE,0.25
2025-06-02 20:28:04,MIN_BUY_SCORE,0.25
2025-06-02 20:43:07,MIN_BUY_SCORE,0.25
2025-06-02 20:58:11,MIN_BUY_SCORE,0.25
2025-06-02 21:13:15,MIN_BUY_SCORE,0.25
2025-06-02 21:28:18,MIN_BUY_SCORE,0.25
2025-06-02 21:43:22,MIN_BUY_SCORE,0.25
2025-06-02 21:58:25,MIN_BUY_SCORE,0.25
2025-06-02 22:13:28,MIN_BUY_SCORE,0.25
2025-06-02 22:43:31,MIN_BUY_SCORE,0.25
2025-06-02 23:13:35,MIN_BUY_SCORE,0.25
2025-06-02 23:43:37,MIN_BUY_SCORE,0.25
2025-06-03 00:13:41,MIN_BUY_SCORE,0.25
2025-06-03 01:08:11,MIN_BUY_SCORE,0.25
2025-06-03 01:30:37,MIN_BUY_SCORE,0.25
2025-06-03 01:44:39,MIN_BUY_SCORE,0.25
2025-06-03 01:54:02,MIN_BUY_SCORE,0.25
2025-06-03 01:57:58,MIN_BUY_SCORE,0.25
2025-06-03 02:06:45,MIN_BUY_SCORE,0.25
2025-06-03 02:19:48,MIN_BUY_SCORE,0.25
2025-06-03 02:33:43,MIN_BUY_SCORE,0.25
2025-06-03 02:45:41,MIN_BUY_SCORE,0.25
2025-06-03 03:03:07,MIN_BUY_SCORE,0.25
2025-06-03 04:03:11,MIN_BUY_SCORE,0.25
2025-06-03 05:03:15,MIN_BUY_SCORE,0.25
2025-06-03 06:03:18,MIN_BUY_SCORE,0.25
2025-06-03 07:03:21,MIN_BUY_SCORE,0.25
2025-06-03 08:03:25,MIN_BUY_SCORE,0.25
2025-06-03 08:18:29,MIN_BUY_SCORE,0.25
2025-06-03 08:33:32,MIN_BUY_SCORE,0.25
2025-06-03 08:48:36,MIN_BUY_SCORE,0.25
2025-06-03 09:03:39,MIN_BUY_SCORE,0.25
2025-06-03 09:18:43,MIN_BUY_SCORE,0.25
2025-06-03 09:33:46,MIN_BUY_SCORE,0.25
2025-06-03 09:48:50,MIN_BUY_SCORE,0.25
2025-06-03 10:03:54,MIN_BUY_SCORE,0.25
2025-06-03 10:18:58,MIN_BUY_SCORE,0.25
2025-06-03 10:34:02,MIN_BUY_SCORE,0.25
2025-06-03 10:49:07,MIN_BUY_SCORE,0.25
2025-06-03 11:04:11,MIN_BUY_SCORE,0.25
2025-06-03 11:19:15,MIN_BUY_SCORE,0.25
2025-06-03 11:34:19,MIN_BUY_SCORE,0.25
2025-06-03 11:49:23,MIN_BUY_SCORE,0.25
2025-06-03 12:04:27,MIN_BUY_SCORE,0.25
2025-06-03 12:19:31,MIN_BUY_SCORE,0.25
2025-06-03 12:34:36,MIN_BUY_SCORE,0.25
2025-06-03 12:49:35,MIN_BUY_SCORE,0.25
2025-06-03 13:04:39,MIN_BUY_SCORE,0.25
2025-06-03 13:19:43,MIN_BUY_SCORE,0.25
2025-06-03 13:34:47,MIN_BUY_SCORE,0.25
2025-06-03 13:49:52,MIN_BUY_SCORE,0.25
2025-06-03 14:04:56,MIN_BUY_SCORE,0.25
2025-06-03 14:20:00,MIN_BUY_SCORE,0.25
2025-06-03 14:35:04,MIN_BUY_SCORE,0.25
2025-06-03 14:50:08,MIN_BUY_SCORE,0.25
2025-06-03 15:05:15,MIN_BUY_SCORE,0.25
2025-06-03 15:20:19,MIN_BUY_SCORE,0.25
2025-06-03 15:35:23,MIN_BUY_SCORE,0.25
2025-06-03 15:50:27,MIN_BUY_SCORE,0.25
2025-06-03 16:05:32,MIN_BUY_SCORE,0.25
2025-06-03 16:20:35,MIN_BUY_SCORE,0.25
2025-06-03 16:35:39,MIN_BUY_SCORE,0.25
2025-06-03 16:50:43,MIN_BUY_SCORE,0.25
2025-06-03 17:05:47,MIN_BUY_SCORE,0.25
2025-06-03 17:20:53,MIN_BUY_SCORE,0.25
2025-06-03 17:35:59,MIN_BUY_SCORE,0.25
2025-06-03 17:51:04,MIN_BUY_SCORE,0.25
2025-06-03 18:06:09,MIN_BUY_SCORE,0.25
2025-06-03 18:21:14,MIN_BUY_SCORE,0.25
2025-06-03 18:36:20,MIN_BUY_SCORE,0.25
2025-06-03 18:51:25,MIN_BUY_SCORE,0.25
2025-06-03 19:06:30,MIN_BUY_SCORE,0.25
2025-06-03 19:21:36,MIN_BUY_SCORE,0.25
2025-06-03 19:36:42,MIN_BUY_SCORE,0.25
2025-06-03 19:51:47,MIN_BUY_SCORE,0.25
2025-06-03 20:06:53,MIN_BUY_SCORE,0.25
2025-06-03 20:21:58,MIN_BUY_SCORE,0.25
2025-06-03 20:37:03,MIN_BUY_SCORE,0.25
2025-06-03 20:52:09,MIN_BUY_SCORE,0.25
2025-06-03 21:07:14,MIN_BUY_SCORE,0.25
2025-06-03 21:22:19,MIN_BUY_SCORE,0.25
2025-06-03 21:37:25,MIN_BUY_SCORE,0.25
2025-06-03 21:52:30,MIN_BUY_SCORE,0.25
2025-06-03 22:07:35,MIN_BUY_SCORE,0.25
2025-06-03 22:37:41,MIN_BUY_SCORE,0.25
2025-06-03 23:07:47,MIN_BUY_SCORE,0.25
2025-06-03 23:37:54,MIN_BUY_SCORE,0.25
2025-06-04 00:08:00,MIN_BUY_SCORE,0.25
2025-06-04 00:38:05,MIN_BUY_SCORE,0.25
2025-06-04 01:08:09,MIN_BUY_SCORE,0.26
2025-06-04 01:38:14,MIN_BUY_SCORE,0.26
2025-06-04 02:08:18,MIN_BUY_SCORE,0.27
2025-06-04 03:08:23,MIN_BUY_SCORE,0.28
2025-06-04 04:08:27,MIN_BUY_SCORE,0.28
2025-06-04 05:08:31,MIN_BUY_SCORE,0.29
2025-06-04 06:08:35,MIN_BUY_SCORE,0.29
2025-06-04 07:08:39,MIN_BUY_SCORE,0.3
2025-06-04 08:08:43,MIN_BUY_SCORE,0.3
2025-06-04 08:23:47,MIN_BUY_SCORE,0.3
2025-06-04 08:38:54,MIN_BUY_SCORE,0.3
2025-06-04 08:53:58,MIN_BUY_SCORE,0.3
2025-06-04 09:09:03,MIN_BUY_SCORE,0.31
2025-06-04 09:24:09,MIN_BUY_SCORE,0.31
2025-06-04 09:39:13,MIN_BUY_SCORE,0.31
2025-06-04 09:54:17,MIN_BUY_SCORE,0.31
2025-06-04 10:09:22,MIN_BUY_SCORE,0.31
2025-06-04 10:24:27,MIN_BUY_SCORE,0.31
2025-06-04 10:39:31,MIN_BUY_SCORE,0.31
2025-06-04 10:54:35,MIN_BUY_SCORE,0.32
2025-06-04 11:09:40,MIN_BUY_SCORE,0.32
2025-06-04 11:24:44,MIN_BUY_SCORE,0.32
2025-06-04 11:39:50,MIN_BUY_SCORE,0.32
2025-06-04 11:54:54,MIN_BUY_SCORE,0.32
2025-06-04 12:09:58,MIN_BUY_SCORE,0.32
2025-06-04 12:25:03,MIN_BUY_SCORE,0.32
2025-06-04 12:40:09,MIN_BUY_SCORE,0.32
2025-06-04 12:55:08,MIN_BUY_SCORE,0.32
2025-06-04 13:10:13,MIN_BUY_SCORE,0.32
2025-06-04 13:25:18,MIN_BUY_SCORE,0.32
2025-06-04 13:40:25,MIN_BUY_SCORE,0.32
2025-06-04 13:55:30,MIN_BUY_SCORE,0.33
2025-06-04 14:10:35,MIN_BUY_SCORE,0.33
2025-06-04 14:21:48,MIN_BUY_SCORE,0.33
2025-06-04 14:29:15,MIN_BUY_SCORE,0.33
2025-06-04 14:33:02,MIN_BUY_SCORE,0.33
2025-06-04 14:44:20,MIN_BUY_SCORE,0.33
2025-06-04 14:48:06,MIN_BUY_SCORE,0.33
2025-06-04 14:59:23,MIN_BUY_SCORE,0.33
2025-06-04 15:03:10,MIN_BUY_SCORE,0.33
2025-06-04 15:14:28,MIN_BUY_SCORE,0.33
2025-06-04 15:18:14,MIN_BUY_SCORE,0.34
2025-06-04 15:29:32,MIN_BUY_SCORE,0.34
2025-06-04 15:33:18,MIN_BUY_SCORE,0.34
2025-06-04 15:44:36,MIN_BUY_SCORE,0.34
2025-06-04 15:48:21,MIN_BUY_SCORE,0.34
2025-06-04 15:59:40,MIN_BUY_SCORE,0.34
2025-06-04 16:03:27,MIN_BUY_SCORE,0.34
2025-06-04 16:14:44,MIN_BUY_SCORE,0.34
2025-06-04 16:18:30,MIN_BUY_SCORE,0.35
2025-06-04 16:29:49,MIN_BUY_SCORE,0.35
2025-06-04 16:33:36,MIN_BUY_SCORE,0.35
2025-06-04 16:44:55,MIN_BUY_SCORE,0.35
2025-06-04 16:48:41,MIN_BUY_SCORE,0.35
2025-06-04 16:59:59,MIN_BUY_SCORE,0.35
2025-06-04 17:03:44,MIN_BUY_SCORE,0.35
2025-06-04 17:15:05,MIN_BUY_SCORE,0.35
2025-06-04 17:18:49,MIN_BUY_SCORE,0.35
2025-06-04 17:30:12,MIN_BUY_SCORE,0.35
2025-06-04 17:33:54,MIN_BUY_SCORE,0.35
2025-06-04 17:45:16,MIN_BUY_SCORE,0.35
2025-06-04 17:48:58,MIN_BUY_SCORE,0.35
2025-06-04 18:00:21,MIN_BUY_SCORE,0.35
2025-06-04 18:04:03,MIN_BUY_SCORE,0.35
2025-06-04 18:15:26,MIN_BUY_SCORE,0.35
2025-06-04 18:19:09,MIN_BUY_SCORE,0.35
2025-06-04 18:30:31,MIN_BUY_SCORE,0.35
2025-06-04 18:34:13,MIN_BUY_SCORE,0.35
2025-06-04 18:45:35,MIN_BUY_SCORE,0.35
2025-06-04 18:49:17,MIN_BUY_SCORE,0.35
2025-06-04 19:00:40,MIN_BUY_SCORE,0.35
2025-06-04 19:04:22,MIN_BUY_SCORE,0.35
2025-06-04 19:15:44,MIN_BUY_SCORE,0.35
2025-06-04 19:19:26,MIN_BUY_SCORE,0.35
2025-06-04 19:30:50,MIN_BUY_SCORE,0.35
2025-06-04 19:34:31,MIN_BUY_SCORE,0.35
2025-06-04 19:45:54,MIN_BUY_SCORE,0.35
2025-06-04 19:49:35,MIN_BUY_SCORE,0.35
2025-06-04 20:00:58,MIN_BUY_SCORE,0.35
2025-06-04 20:04:41,MIN_BUY_SCORE,0.35
2025-06-04 20:16:03,MIN_BUY_SCORE,0.35
2025-06-04 20:19:45,MIN_BUY_SCORE,0.35
2025-06-04 20:31:09,MIN_BUY_SCORE,0.35
2025-06-04 20:34:50,MIN_BUY_SCORE,0.35
2025-06-04 20:46:14,MIN_BUY_SCORE,0.35
2025-06-04 20:49:55,MIN_BUY_SCORE,0.35
2025-06-04 21:01:18,MIN_BUY_SCORE,0.35
2025-06-04 21:05:00,MIN_BUY_SCORE,0.35
2025-06-04 21:16:21,MIN_BUY_SCORE,0.35
2025-06-04 21:20:04,MIN_BUY_SCORE,0.35
2025-06-04 21:31:26,MIN_BUY_SCORE,0.35
2025-06-04 21:35:08,MIN_BUY_SCORE,0.35
2025-06-04 21:46:30,MIN_BUY_SCORE,0.36
2025-06-04 21:50:13,MIN_BUY_SCORE,0.36
2025-06-04 22:01:35,MIN_BUY_SCORE,0.36
2025-06-04 22:05:17,MIN_BUY_SCORE,0.36
2025-06-04 22:31:39,MIN_BUY_SCORE,0.36
2025-06-04 22:35:21,MIN_BUY_SCORE,0.36
2025-06-04 23:01:44,MIN_BUY_SCORE,0.36
2025-06-04 23:05:26,MIN_BUY_SCORE,0.36
2025-06-04 23:31:48,MIN_BUY_SCORE,0.36
2025-06-04 23:35:30,MIN_BUY_SCORE,0.36
2025-06-05 00:01:52,MIN_BUY_SCORE,0.36
2025-06-05 00:05:35,MIN_BUY_SCORE,0.36
2025-06-05 00:31:56,MIN_BUY_SCORE,0.37
2025-06-05 00:35:38,MIN_BUY_SCORE,0.37
2025-06-05 01:02:00,MIN_BUY_SCORE,0.37
2025-06-05 01:05:45,MIN_BUY_SCORE,0.37
2025-06-05 01:32:03,MIN_BUY_SCORE,0.37
2025-06-05 01:35:49,MIN_BUY_SCORE,0.37
2025-06-05 02:02:08,MIN_BUY_SCORE,0.37
2025-06-05 02:05:54,MIN_BUY_SCORE,0.37
2025-06-05 07:49:17,MIN_BUY_SCORE,0.38
2025-06-05 07:49:17,MIN_BUY_SCORE,0.38
2025-06-05 09:03:21,MIN_BUY_SCORE,0.38
2025-06-05 09:03:23,MIN_BUY_SCORE,0.38
2025-06-05 09:18:27,MIN_BUY_SCORE,0.38
2025-06-05 09:18:29,MIN_BUY_SCORE,0.38
2025-06-05 09:33:33,MIN_BUY_SCORE,0.38
2025-06-05 09:33:33,MIN_BUY_SCORE,0.38
2025-06-05 09:48:38,MIN_BUY_SCORE,0.38
2025-06-05 09:48:38,MIN_BUY_SCORE,0.39
2025-06-05 10:03:43,MIN_BUY_SCORE,0.39
2025-06-05 10:03:44,MIN_BUY_SCORE,0.39
2025-06-05 10:18:49,MIN_BUY_SCORE,0.39
2025-06-05 10:18:49,MIN_BUY_SCORE,0.39
2025-06-05 10:40:18,MIN_BUY_SCORE,0.39
2025-06-05 10:40:19,MIN_BUY_SCORE,0.39
2025-06-05 10:55:22,MIN_BUY_SCORE,0.39
2025-06-05 10:55:23,MIN_BUY_SCORE,0.4
2025-06-05 11:10:28,MIN_BUY_SCORE,0.4
2025-06-05 11:10:28,MIN_BUY_SCORE,0.4
2025-06-05 11:25:34,MIN_BUY_SCORE,0.4
2025-06-05 11:25:35,MIN_BUY_SCORE,0.4
2025-06-05 11:40:41,MIN_BUY_SCORE,0.4
2025-06-05 11:40:42,MIN_BUY_SCORE,0.4
2025-06-05 11:55:48,MIN_BUY_SCORE,0.4
2025-06-05 11:55:48,MIN_BUY_SCORE,0.4
2025-06-05 12:10:53,MIN_BUY_SCORE,0.4
2025-06-05 12:10:56,MIN_BUY_SCORE,0.4
2025-06-05 12:26:00,MIN_BUY_SCORE,0.4
2025-06-05 12:26:02,MIN_BUY_SCORE,0.41
2025-06-05 12:41:06,MIN_BUY_SCORE,0.41
2025-06-05 12:41:09,MIN_BUY_SCORE,0.41
2025-06-05 12:56:12,MIN_BUY_SCORE,0.41
2025-06-05 12:56:15,MIN_BUY_SCORE,0.41
2025-06-05 13:11:19,MIN_BUY_SCORE,0.41
2025-06-05 13:11:21,MIN_BUY_SCORE,0.41
2025-06-05 13:20:45,MIN_BUY_SCORE,0.41
2025-06-05 13:35:53,MIN_BUY_SCORE,0.41
2025-06-05 13:50:57,MIN_BUY_SCORE,0.41
2025-06-05 14:06:01,MIN_BUY_SCORE,0.41
2025-06-05 14:21:07,MIN_BUY_SCORE,0.41
2025-06-05 14:36:11,MIN_BUY_SCORE,0.42
2025-06-05 14:51:16,MIN_BUY_SCORE,0.42
2025-06-05 15:06:20,MIN_BUY_SCORE,0.42
2025-06-05 15:21:24,MIN_BUY_SCORE,0.42
2025-06-05 15:36:29,MIN_BUY_SCORE,0.42
2025-06-05 15:51:34,MIN_BUY_SCORE,0.42
2025-06-05 16:06:40,MIN_BUY_SCORE,0.42
2025-06-05 16:21:45,MIN_BUY_SCORE,0.42
2025-06-05 16:36:50,MIN_BUY_SCORE,0.42
2025-06-05 16:51:54,MIN_BUY_SCORE,0.42
2025-06-05 17:06:56,MIN_BUY_SCORE,0.42
2025-06-05 17:21:58,MIN_BUY_SCORE,0.42
2025-06-05 17:37:02,MIN_BUY_SCORE,0.42
2025-06-05 17:52:08,MIN_BUY_SCORE,0.42
2025-06-05 18:07:06,MIN_BUY_SCORE,0.42
2025-06-05 18:22:12,MIN_BUY_SCORE,0.43
2025-06-05 18:37:19,MIN_BUY_SCORE,0.43
2025-06-05 18:52:25,MIN_BUY_SCORE,0.43
2025-06-05 19:07:31,MIN_BUY_SCORE,0.43
2025-06-05 19:22:35,MIN_BUY_SCORE,0.43
2025-06-05 19:37:41,MIN_BUY_SCORE,0.43
2025-06-05 19:52:46,MIN_BUY_SCORE,0.43
2025-06-05 20:07:52,MIN_BUY_SCORE,0.43
2025-06-05 20:22:58,MIN_BUY_SCORE,0.43
2025-06-05 20:38:04,MIN_BUY_SCORE,0.43
2025-06-05 20:53:11,MIN_BUY_SCORE,0.43
2025-06-05 21:08:18,MIN_BUY_SCORE,0.43
2025-06-05 21:23:25,MIN_BUY_SCORE,0.43
2025-06-05 21:38:31,MIN_BUY_SCORE,0.43
2025-06-06 23:11:44,MIN_BUY_SCORE,0.44
2025-06-06 23:34:01,MIN_BUY_SCORE,0.44
2025-06-06 23:51:58,MIN_BUY_SCORE,0.44
2025-06-07 00:22:02,MIN_BUY_SCORE,0.44
2025-06-07 00:52:08,MIN_BUY_SCORE,0.44
2025-06-07 01:22:12,MIN_BUY_SCORE,0.44
2025-06-07 01:52:16,MIN_BUY_SCORE,0.44
2025-06-07 02:22:20,MIN_BUY_SCORE,0.44
2025-06-07 03:22:24,MIN_BUY_SCORE,0.44
2025-06-07 04:22:28,MIN_BUY_SCORE,0.44
2025-06-07 05:22:35,MIN_BUY_SCORE,0.44
2025-06-07 06:22:39,MIN_BUY_SCORE,0.44
2025-06-07 07:22:43,MIN_BUY_SCORE,0.44
2025-06-07 08:22:48,MIN_BUY_SCORE,0.44
2025-06-07 08:37:52,MIN_BUY_SCORE,0.45
2025-06-07 08:52:57,MIN_BUY_SCORE,0.45
2025-06-07 09:08:02,MIN_BUY_SCORE,0.45
2025-06-07 09:23:06,MIN_BUY_SCORE,0.45
2025-06-07 09:38:11,MIN_BUY_SCORE,0.45
2025-06-07 09:53:15,MIN_BUY_SCORE,0.45
2025-06-07 10:08:19,MIN_BUY_SCORE,0.45
2025-06-07 10:23:24,MIN_BUY_SCORE,0.45
2025-06-07 10:38:29,MIN_BUY_SCORE,0.45
2025-06-07 10:53:34,MIN_BUY_SCORE,0.45
2025-06-07 11:08:39,MIN_BUY_SCORE,0.45
2025-06-07 11:23:43,MIN_BUY_SCORE,0.45
2025-06-07 11:38:48,MIN_BUY_SCORE,0.45
2025-06-07 11:53:53,MIN_BUY_SCORE,0.45
2025-06-07 12:08:58,MIN_BUY_SCORE,0.45
2025-06-07 12:24:02,MIN_BUY_SCORE,0.45
2025-06-07 12:39:06,MIN_BUY_SCORE,0.46
2025-06-07 12:54:09,MIN_BUY_SCORE,0.46
2025-06-07 13:09:15,MIN_BUY_SCORE,0.46
2025-06-07 13:24:19,MIN_BUY_SCORE,0.46
2025-06-07 13:39:23,MIN_BUY_SCORE,0.46
2025-06-07 13:54:28,MIN_BUY_SCORE,0.46
2025-06-07 14:09:32,MIN_BUY_SCORE,0.46
2025-06-07 14:24:37,MIN_BUY_SCORE,0.46
2025-06-07 14:39:41,MIN_BUY_SCORE,0.46
2025-06-07 14:54:46,MIN_BUY_SCORE,0.46
2025-06-07 15:09:50,MIN_BUY_SCORE,0.46
2025-06-07 15:24:55,MIN_BUY_SCORE,0.46
2025-06-07 15:39:59,MIN_BUY_SCORE,0.46
2025-06-07 15:55:03,MIN_BUY_SCORE,0.46
2025-06-07 16:10:08,MIN_BUY_SCORE,0.46
2025-06-07 16:25:13,MIN_BUY_SCORE,0.46
2025-06-07 16:40:18,MIN_BUY_SCORE,0.46
2025-06-07 16:55:22,MIN_BUY_SCORE,0.46
2025-06-07 17:10:27,MIN_BUY_SCORE,0.46
2025-06-07 17:25:32,MIN_BUY_SCORE,0.47
2025-06-07 17:40:36,MIN_BUY_SCORE,0.47
2025-06-07 17:55:41,MIN_BUY_SCORE,0.47
2025-06-07 18:10:47,MIN_BUY_SCORE,0.47
2025-06-07 18:25:52,MIN_BUY_SCORE,0.47
2025-06-07 18:40:57,MIN_BUY_SCORE,0.47
2025-06-07 18:56:01,MIN_BUY_SCORE,0.47
2025-06-07 19:11:06,MIN_BUY_SCORE,0.47
2025-06-07 19:26:12,MIN_BUY_SCORE,0.47
2025-06-07 19:41:16,MIN_BUY_SCORE,0.47
2025-06-07 19:56:21,MIN_BUY_SCORE,0.47
2025-06-07 20:11:26,MIN_BUY_SCORE,0.47
2025-06-07 20:26:31,MIN_BUY_SCORE,0.47
2025-06-07 20:41:36,MIN_BUY_SCORE,0.47
2025-06-07 20:56:41,MIN_BUY_SCORE,0.47
2025-06-07 21:11:45,MIN_BUY_SCORE,0.47
2025-06-07 21:26:50,MIN_BUY_SCORE,0.47
2025-06-07 21:41:54,MIN_BUY_SCORE,0.47
2025-06-07 21:56:58,MIN_BUY_SCORE,0.47
2025-06-07 22:12:02,MIN_BUY_SCORE,0.47
2025-06-07 22:42:07,MIN_BUY_SCORE,0.47
2025-06-07 23:12:11,MIN_BUY_SCORE,0.47
2025-06-07 23:42:15,MIN_BUY_SCORE,0.47
2025-06-08 00:12:19,MIN_BUY_SCORE,0.48
2025-06-08 00:42:24,MIN_BUY_SCORE,0.48
2025-06-08 01:12:30,MIN_BUY_SCORE,0.48
2025-06-08 01:42:35,MIN_BUY_SCORE,0.48
2025-06-08 02:12:41,MIN_BUY_SCORE,0.48
2025-06-08 03:12:48,MIN_BUY_SCORE,0.48
2025-06-08 04:12:52,MIN_BUY_SCORE,0.48
2025-06-08 05:12:58,MIN_BUY_SCORE,0.48
2025-06-08 06:13:03,MIN_BUY_SCORE,0.48
2025-06-08 07:13:08,MIN_BUY_SCORE,0.48
2025-06-08 08:13:14,MIN_BUY_SCORE,0.48
2025-06-08 08:28:19,MIN_BUY_SCORE,0.48
2025-06-08 08:43:23,MIN_BUY_SCORE,0.48
2025-06-08 08:58:28,MIN_BUY_SCORE,0.48
2025-06-08 09:13:32,MIN_BUY_SCORE,0.48
2025-06-08 09:28:37,MIN_BUY_SCORE,0.48
2025-06-08 09:43:43,MIN_BUY_SCORE,0.48
2025-06-08 09:58:48,MIN_BUY_SCORE,0.48
2025-06-08 10:13:53,MIN_BUY_SCORE,0.48
2025-06-08 10:28:58,MIN_BUY_SCORE,0.48
2025-06-08 10:44:04,MIN_BUY_SCORE,0.48
2025-06-08 10:59:08,MIN_BUY_SCORE,0.48
2025-06-08 11:14:15,MIN_BUY_SCORE,0.48
2025-06-08 11:29:19,MIN_BUY_SCORE,0.48
2025-06-08 11:44:24,MIN_BUY_SCORE,0.48
2025-06-08 11:59:31,MIN_BUY_SCORE,0.48
2025-06-08 12:14:36,MIN_BUY_SCORE,0.48
2025-06-08 12:29:41,MIN_BUY_SCORE,0.48
2025-06-08 12:44:46,MIN_BUY_SCORE,0.49
2025-06-08 12:59:46,MIN_BUY_SCORE,0.49
2025-06-08 17:27:04,MIN_BUY_SCORE,0.49
2025-06-08 17:42:08,MIN_BUY_SCORE,0.49
2025-06-08 17:57:15,MIN_BUY_SCORE,0.49
2025-06-08 18:12:20,MIN_BUY_SCORE,0.49
2025-06-08 18:27:24,MIN_BUY_SCORE,0.49
2025-06-08 18:42:50,MIN_BUY_SCORE,0.49
2025-06-08 18:57:54,MIN_BUY_SCORE,0.49
2025-06-08 19:12:58,MIN_BUY_SCORE,0.49
2025-06-08 19:28:03,MIN_BUY_SCORE,0.49
2025-06-08 19:43:07,MIN_BUY_SCORE,0.49
2025-06-08 19:58:12,MIN_BUY_SCORE,0.49
2025-06-08 20:13:18,MIN_BUY_SCORE,0.49
2025-06-08 20:28:23,MIN_BUY_SCORE,0.49
2025-06-08 20:43:27,MIN_BUY_SCORE,0.49
2025-06-08 20:58:32,MIN_BUY_SCORE,0.49
2025-06-08 21:13:37,MIN_BUY_SCORE,0.49
2025-06-08 21:28:42,MIN_BUY_SCORE,0.49
2025-06-08 21:43:46,MIN_BUY_SCORE,0.49
2025-06-08 21:58:51,MIN_BUY_SCORE,0.49
2025-06-08 22:13:56,MIN_BUY_SCORE,0.49
2025-06-08 22:44:02,MIN_BUY_SCORE,0.49
2025-06-08 23:14:07,MIN_BUY_SCORE,0.49
2025-06-08 23:44:12,MIN_BUY_SCORE,0.49
2025-06-09 00:14:17,MIN_BUY_SCORE,0.49
2025-06-09 00:44:21,MIN_BUY_SCORE,0.49
2025-06-09 01:14:26,MIN_BUY_SCORE,0.49
2025-06-09 01:44:30,MIN_BUY_SCORE,0.49
2025-06-09 02:14:35,MIN_BUY_SCORE,0.49
2025-06-09 03:14:39,MIN_BUY_SCORE,0.49
2025-06-09 04:14:43,MIN_BUY_SCORE,0.49
2025-06-09 05:14:48,MIN_BUY_SCORE,0.49
2025-06-09 06:14:52,MIN_BUY_SCORE,0.49
2025-06-09 07:14:56,MIN_BUY_SCORE,0.5
2025-06-09 08:15:02,MIN_BUY_SCORE,0.5
2025-06-09 08:30:08,MIN_BUY_SCORE,0.5
2025-06-09 08:45:14,MIN_BUY_SCORE,0.5
2025-06-09 09:00:20,MIN_BUY_SCORE,0.5
2025-06-09 09:15:27,MIN_BUY_SCORE,0.5
2025-06-09 09:30:32,MIN_BUY_SCORE,0.5
2025-06-09 09:45:38,MIN_BUY_SCORE,0.5
2025-06-09 10:00:44,MIN_BUY_SCORE,0.5
2025-06-09 10:15:50,MIN_BUY_SCORE,0.5
2025-06-09 10:30:56,MIN_BUY_SCORE,0.5
2025-06-09 10:46:03,MIN_BUY_SCORE,0.5
2025-06-09 11:01:10,MIN_BUY_SCORE,0.5
2025-06-09 11:16:16,MIN_BUY_SCORE,0.5
2025-06-09 11:31:23,MIN_BUY_SCORE,0.5
2025-06-09 11:46:31,MIN_BUY_SCORE,0.5
2025-06-09 12:01:38,MIN_BUY_SCORE,0.5
2025-06-09 12:16:45,MIN_BUY_SCORE,0.5
2025-06-09 12:31:51,MIN_BUY_SCORE,0.5
2025-06-09 12:46:57,MIN_BUY_SCORE,0.5
2025-06-09 13:02:03,MIN_BUY_SCORE,0.5
2025-06-09 13:17:09,MIN_BUY_SCORE,0.5
2025-06-09 13:32:16,MIN_BUY_SCORE,0.5
2025-06-09 13:47:24,MIN_BUY_SCORE,0.5
2025-06-09 14:02:30,MIN_BUY_SCORE,0.5
2025-06-09 14:17:36,MIN_BUY_SCORE,0.5
2025-06-09 14:32:43,MIN_BUY_SCORE,0.5
2025-06-09 14:47:49,MIN_BUY_SCORE,0.5
2025-06-09 15:02:56,MIN_BUY_SCORE,0.5
2025-06-09 15:18:04,MIN_BUY_SCORE,0.5
2025-06-09 15:33:12,MIN_BUY_SCORE,0.5
2025-06-09 15:48:21,MIN_BUY_SCORE,0.5
2025-06-09 16:03:33,MIN_BUY_SCORE,0.5
2025-06-09 16:18:41,MIN_BUY_SCORE,0.5
2025-06-09 16:33:50,MIN_BUY_SCORE,0.5
2025-06-09 16:48:58,MIN_BUY_SCORE,0.51
2025-06-09 17:04:08,MIN_BUY_SCORE,0.51
2025-06-09 17:19:17,MIN_BUY_SCORE,0.51
2025-06-09 17:34:25,MIN_BUY_SCORE,0.51
2025-06-09 17:49:33,MIN_BUY_SCORE,0.51
2025-06-09 18:04:40,MIN_BUY_SCORE,0.51
2025-06-10 08:53:28,MIN_BUY_SCORE,0.51
2025-06-10 09:08:33,MIN_BUY_SCORE,0.51
2025-06-10 09:23:37,MIN_BUY_SCORE,0.51
2025-06-10 09:38:43,MIN_BUY_SCORE,0.51
2025-06-10 09:53:50,MIN_BUY_SCORE,0.51
2025-06-10 10:08:57,MIN_BUY_SCORE,0.51
2025-06-10 10:24:02,MIN_BUY_SCORE,0.51
2025-06-10 10:39:07,MIN_BUY_SCORE,0.51
2025-06-10 10:54:13,MIN_BUY_SCORE,0.51
2025-06-10 11:09:18,MIN_BUY_SCORE,0.51
2025-06-10 11:24:23,MIN_BUY_SCORE,0.51
2025-06-10 11:39:28,MIN_BUY_SCORE,0.51
2025-06-10 11:54:34,MIN_BUY_SCORE,0.51
2025-06-10 12:09:40,MIN_BUY_SCORE,0.51
2025-06-10 12:24:45,MIN_BUY_SCORE,0.51
2025-06-10 12:39:52,MIN_BUY_SCORE,0.51
2025-06-10 12:54:58,MIN_BUY_SCORE,0.51
2025-06-10 13:10:03,MIN_BUY_SCORE,0.51
2025-06-10 13:25:08,MIN_BUY_SCORE,0.51
2025-06-10 13:40:14,MIN_BUY_SCORE,0.51
2025-06-10 13:55:20,MIN_BUY_SCORE,0.51
2025-06-10 14:10:26,MIN_BUY_SCORE,0.51
2025-06-10 14:25:31,MIN_BUY_SCORE,0.51
2025-06-10 14:40:37,MIN_BUY_SCORE,0.51
2025-06-10 14:55:42,MIN_BUY_SCORE,0.51
2025-06-10 15:10:46,MIN_BUY_SCORE,0.51
2025-06-10 15:25:51,MIN_BUY_SCORE,0.51
2025-06-10 15:40:57,MIN_BUY_SCORE,0.51
2025-06-10 15:56:02,MIN_BUY_SCORE,0.51
2025-06-10 16:11:07,MIN_BUY_SCORE,0.51
2025-06-10 16:26:11,MIN_BUY_SCORE,0.51
2025-06-10 16:41:18,MIN_BUY_SCORE,0.51
2025-06-10 16:56:25,MIN_BUY_SCORE,0.51
2025-06-10 17:11:32,MIN_BUY_SCORE,0.51
2025-06-10 17:26:38,MIN_BUY_SCORE,0.51
2025-06-10 17:41:44,MIN_BUY_SCORE,0.51
2025-06-10 17:56:52,MIN_BUY_SCORE,0.51
2025-06-10 18:11:59,MIN_BUY_SCORE,0.51
2025-06-10 18:27:05,MIN_BUY_SCORE,0.51
2025-06-10 18:42:12,MIN_BUY_SCORE,0.51
2025-06-10 18:57:19,MIN_BUY_SCORE,0.51
2025-06-10 19:12:29,MIN_BUY_SCORE,0.51
2025-06-10 19:27:35,MIN_BUY_SCORE,0.51
2025-06-10 19:42:42,MIN_BUY_SCORE,0.51
2025-06-10 19:57:49,MIN_BUY_SCORE,0.51
2025-06-10 20:12:55,MIN_BUY_SCORE,0.51
2025-06-10 20:28:04,MIN_BUY_SCORE,0.51
2025-06-10 20:43:11,MIN_BUY_SCORE,0.51
2025-06-10 20:58:16,MIN_BUY_SCORE,0.51
2025-06-10 21:13:23,MIN_BUY_SCORE,0.51
2025-06-10 21:28:28,MIN_BUY_SCORE,0.51
2025-06-10 21:43:34,MIN_BUY_SCORE,0.51
2025-06-10 21:58:39,MIN_BUY_SCORE,0.51
2025-06-10 22:13:45,MIN_BUY_SCORE,0.51
2025-06-10 22:43:50,MIN_BUY_SCORE,0.51
2025-06-10 23:13:55,MIN_BUY_SCORE,0.51
2025-06-10 23:44:00,MIN_BUY_SCORE,0.51
2025-06-11 00:14:07,MIN_BUY_SCORE,0.51
2025-06-11 00:44:12,MIN_BUY_SCORE,0.51
2025-06-11 01:14:17,MIN_BUY_SCORE,0.51
2025-06-11 01:44:22,MIN_BUY_SCORE,0.51
2025-06-11 02:14:27,MIN_BUY_SCORE,0.51
2025-06-11 03:14:34,MIN_BUY_SCORE,0.51
2025-06-11 04:14:40,MIN_BUY_SCORE,0.51
2025-06-11 05:14:47,MIN_BUY_SCORE,0.51
2025-06-11 06:14:56,MIN_BUY_SCORE,0.51
2025-06-11 07:15:37,MIN_BUY_SCORE,0.51
2025-06-11 08:16:22,MIN_BUY_SCORE,0.51
2025-06-11 08:32:09,MIN_BUY_SCORE,0.51
2025-06-11 08:47:59,MIN_BUY_SCORE,0.51
2025-06-11 09:03:45,MIN_BUY_SCORE,0.51
2025-06-11 09:19:29,MIN_BUY_SCORE,0.51
2025-06-11 09:35:14,MIN_BUY_SCORE,0.51
2025-06-11 09:50:55,MIN_BUY_SCORE,0.51
2025-06-11 10:06:34,MIN_BUY_SCORE,0.51
2025-06-11 10:22:24,MIN_BUY_SCORE,0.51
2025-06-11 10:38:12,MIN_BUY_SCORE,0.51
2025-06-11 10:54:04,MIN_BUY_SCORE,0.51
2025-06-11 22:57:37,MIN_BUY_SCORE,0.5
2025-06-11 23:08:14,MIN_BUY_SCORE,0.5
2025-06-11 23:27:46,MIN_BUY_SCORE,0.5
2025-06-11 23:38:21,MIN_BUY_SCORE,0.5
2025-06-11 23:57:55,MIN_BUY_SCORE,0.5
2025-06-12 00:08:32,MIN_BUY_SCORE,0.51
2025-06-12 00:28:01,MIN_BUY_SCORE,0.51
2025-06-12 00:38:40,MIN_BUY_SCORE,0.51
2025-06-12 00:58:09,MIN_BUY_SCORE,0.51
2025-06-12 01:08:50,MIN_BUY_SCORE,0.51
2025-06-12 01:28:16,MIN_BUY_SCORE,0.51
2025-06-12 01:38:59,MIN_BUY_SCORE,0.51
2025-06-12 01:58:26,MIN_BUY_SCORE,0.51
2025-06-12 02:09:08,MIN_BUY_SCORE,0.51
2025-06-12 02:28:33,MIN_BUY_SCORE,0.51
2025-06-12 03:09:15,MIN_BUY_SCORE,0.51
2025-06-12 03:28:40,MIN_BUY_SCORE,0.51
2025-06-12 04:09:22,MIN_BUY_SCORE,0.52
2025-06-12 04:28:47,MIN_BUY_SCORE,0.52
2025-06-12 05:09:35,MIN_BUY_SCORE,0.52
2025-06-12 05:28:59,MIN_BUY_SCORE,0.52
2025-06-12 06:09:41,MIN_BUY_SCORE,0.52
2025-06-12 06:29:08,MIN_BUY_SCORE,0.52
2025-06-12 08:15:44,MIN_BUY_SCORE,0.52
2025-06-12 08:30:54,MIN_BUY_SCORE,0.52
2025-06-12 08:46:04,MIN_BUY_SCORE,0.52
2025-06-12 09:01:19,MIN_BUY_SCORE,0.52
2025-06-12 09:16:27,MIN_BUY_SCORE,0.52
2025-06-12 09:31:37,MIN_BUY_SCORE,0.52
2025-06-12 09:46:44,MIN_BUY_SCORE,0.52
2025-06-12 10:01:52,MIN_BUY_SCORE,0.52
2025-06-12 10:17:00,MIN_BUY_SCORE,0.53
2025-06-12 10:32:09,MIN_BUY_SCORE,0.53
2025-06-12 10:47:19,MIN_BUY_SCORE,0.53
2025-06-12 11:02:27,MIN_BUY_SCORE,0.53
2025-06-12 11:17:39,MIN_BUY_SCORE,0.53
2025-06-12 11:32:46,MIN_BUY_SCORE,0.53
2025-06-12 11:47:57,MIN_BUY_SCORE,0.53
2025-06-12 12:03:08,MIN_BUY_SCORE,0.53
2025-06-12 12:18:19,MIN_BUY_SCORE,0.53
2025-06-12 12:33:30,MIN_BUY_SCORE,0.53
2025-06-12 12:48:42,MIN_BUY_SCORE,0.53
2025-06-12 13:03:52,MIN_BUY_SCORE,0.53
2025-06-12 13:19:01,MIN_BUY_SCORE,0.53
2025-06-12 13:34:12,MIN_BUY_SCORE,0.53
2025-06-12 13:49:24,MIN_BUY_SCORE,0.53
2025-06-12 14:04:35,MIN_BUY_SCORE,0.53
2025-06-12 14:19:42,MIN_BUY_SCORE,0.54
2025-06-12 14:34:50,MIN_BUY_SCORE,0.54
2025-06-12 14:49:59,MIN_BUY_SCORE,0.54
2025-06-12 15:05:09,MIN_BUY_SCORE,0.54
2025-06-12 15:20:19,MIN_BUY_SCORE,0.54
2025-06-12 15:35:27,MIN_BUY_SCORE,0.54
2025-06-12 15:50:37,MIN_BUY_SCORE,0.54
2025-06-12 16:05:45,MIN_BUY_SCORE,0.54
2025-06-12 16:20:56,MIN_BUY_SCORE,0.54
2025-06-12 16:36:06,MIN_BUY_SCORE,0.54
2025-06-12 16:51:16,MIN_BUY_SCORE,0.54
2025-06-12 17:06:25,MIN_BUY_SCORE,0.54
2025-06-12 17:21:34,MIN_BUY_SCORE,0.54
2025-06-12 17:36:41,MIN_BUY_SCORE,0.54
2025-06-12 17:51:46,MIN_BUY_SCORE,0.54
2025-06-12 18:06:51,MIN_BUY_SCORE,0.54
2025-06-12 18:21:56,MIN_BUY_SCORE,0.54
2025-06-12 18:37:01,MIN_BUY_SCORE,0.54
2025-06-12 18:52:10,MIN_BUY_SCORE,0.54
2025-06-12 19:07:26,MIN_BUY_SCORE,0.54
2025-06-12 19:22:37,MIN_BUY_SCORE,0.55
2025-06-13 08:20:59,MIN_BUY_SCORE,0.55
2025-06-13 08:36:06,MIN_BUY_SCORE,0.55
2025-06-13 08:51:12,MIN_BUY_SCORE,0.55
2025-06-13 09:06:19,MIN_BUY_SCORE,0.55
2025-06-13 21:39:32,MIN_BUY_SCORE,0.55
2025-06-19 00:34:57,MIN_BUY_SCORE,0.55
2025-06-19 21:01:58,MIN_BUY_SCORE,0.55
2025-06-20 14:02:16,MIN_BUY_SCORE,0.55
